{"000001.XSHE": {"price_track_mean_cross5": {"long": {"name": [], "all_return": 2.129999999999999, "return_factor": 1.6173913043478256, "trade_num": 15, "win_num": 8, "win_rate": 0.5333333333333333, "win_money": 5.58, "lose_money": -3.450000000000001, "win_mean_hold_day": 3.125, "lose_mean_hold_day": 9.142857142857142}, "short": {"name": [], "all_return": -3.490000000000002, "return_factor": 0.2877551020408162, "trade_num": 12, "win_num": 3, "win_rate": 0.25, "win_money": 1.4100000000000001, "lose_money": -4.900000000000002, "win_mean_hold_day": 7.0, "lose_mean_hold_day": 3.2222222222222223}}, "price_track_mean_cross10": {"long": {"name": [], "all_return": 2.130000000000001, "return_factor": 1.8385826771653548, "trade_num": 11, "win_num": 5, "win_rate": 0.45454545454545453, "win_money": 4.67, "lose_money": -2.539999999999999, "win_mean_hold_day": 3.4, "lose_mean_hold_day": 12.333333333333334}, "short": {"name": [], "all_return": 1.3500000000000032, "return_factor": 1.3461538461538471, "trade_num": 12, "win_num": 6, "win_rate": 0.5, "win_money": 5.250000000000002, "lose_money": -3.8999999999999986, "win_mean_hold_day": 19.0, "lose_mean_hold_day": 4.0}}}, "000016.XSHE": {"price_track_mean_cross5": {"long": {"name": [], "all_return": -9.549999999999999, "return_factor": 0.2329317269076304, "trade_num": 24, "win_num": 12, "win_rate": 0.5, "win_money": 2.899999999999998, "lose_money": -12.45, "win_mean_hold_day": 4.25, "lose_mean_hold_day": 9.666666666666666}, "short": {"name": [], "all_return": 16.08, "return_factor": 3.8920863309352516, "trade_num": 31, "win_num": 8, "win_rate": 0.25806451612903225, "win_money": 21.64, "lose_money": -5.5600000000000005, "win_mean_hold_day": 11.625, "lose_mean_hold_day": 4.565217391304348}}, "price_track_mean_cross10": {"long": {"name": [], "all_return": -11.840000000000003, "return_factor": 0.24873096446700496, "trade_num": 20, "win_num": 12, "win_rate": 0.6, "win_money": 3.9199999999999986, "lose_money": -15.760000000000002, "win_mean_hold_day": 5.0, "lose_mean_hold_day": 15.0}, "short": {"name": [], "all_return": 28.74, "return_factor": 8.044117647058828, "trade_num": 20, "win_num": 5, "win_rate": 0.25, "win_money": 32.82, "lose_money": -4.079999999999998, "win_mean_hold_day": 23.0, "lose_mean_hold_day": 6.466666666666667}}}}